,return,tomorrow_return
156000.0,0.026462395543175532,0.013003901170351106
229000.0,0.009247027741083214,0.013003901170351106
148000.0,0.0,0.013003901170351106
378000.0,0.013003901170351106,0.013003901170351106
