,return,tomorrow_return
47000.0,0.0015915119363394403,0.002263012320844693
78000.0,0.006720082708710384,0.002263012320844693
511000.0,-0.004502251125562795,0.002263012320844693
535000.0,-0.010090817356205761,0.002263012320844693
